0B-A;0B-V;8B-A;8B-V;16B-A;16B-V;32B-A;32B-V;64B-A;64B-V;128B-A;128B-V;256B-A;256B-V;512B-A;512B-V;1024B-A;1024B-V
10;3;1;2;1;2;1;2;3;2;2;4;3;6;5;9;8;16
1;2;1;2;1;2;1;2;1;3;2;4;2;5;4;9;9;17
1;2;1;2;1;1;1;2;1;3;1;3;3;5;4;9;9;17
1;13;1;2;1;2;1;2;2;2;2;4;3;6;5;9;8;17
1;2;1;1;1;2;1;2;1;2;2;4;3;6;4;9;8;17
1;2;1;2;1;2;1;2;1;3;1;3;3;5;4;9;9;17
1;2;1;2;1;2;1;2;2;2;1;3;3;5;5;9;8;17
1;2;1;1;1;2;1;2;2;2;2;4;3;6;5;9;8;16
1;2;1;2;1;2;1;2;2;2;2;3;3;5;5;9;8;17
2;2;1;2;1;2;1;2;1;2;2;4;2;6;4;9;9;16
1;2;1;2;1;1;1;2;1;3;2;4;2;5;4;9;9;17
1;2;1;2;1;1;1;2;1;3;2;4;2;5;4;10;9;17
1;2;1;2;1;2;1;2;2;2;2;4;3;6;5;9;8;16
1;2;1;2;1;2;1;2;1;3;11;3;3;6;5;9;8;16
1;2;1;2;1;2;1;2;1;3;2;4;2;6;4;9;9;17
1;2;1;2;1;1;1;2;1;2;2;3;3;5;5;9;8;17
1;2;1;1;1;2;1;2;2;2;2;4;3;6;4;9;9;17
1;2;1;2;1;1;1;2;1;3;1;3;3;5;4;10;17;17
1;2;1;1;1;2;1;2;2;2;2;4;3;6;5;9;8;16
1;2;1;2;1;2;1;2;1;3;1;3;3;5;4;9;9;17
1;1;1;2;1;2;1;1;1;2;2;3;3;5;5;9;8;17
1;2;1;1;1;2;1;2;2;2;2;4;3;6;5;9;8;16
1;2;1;2;1;2;1;2;1;2;2;3;3;5;5;9;8;17
1;2;1;2;1;2;1;2;2;2;2;3;3;5;5;9;8;17
1;2;1;1;1;2;1;2;2;2;2;4;3;6;5;9;8;16
1;2;1;1;1;2;1;2;1;2;2;4;2;6;4;9;9;17
1;2;1;2;1;1;1;2;1;3;2;3;2;5;13;10;8;17
1;2;1;1;1;2;1;2;2;3;2;4;2;5;4;9;9;17
1;1;1;2;1;1;1;2;1;3;1;3;3;5;4;9;9;17
1;1;1;2;1;1;1;2;1;3;1;3;3;5;4;9;9;17
1;1;1;2;1;2;1;1;1;2;1;3;3;5;4;9;9;17
1;1;1;1;1;2;1;2;2;2;2;4;3;6;5;9;8;17
1;2;1;1;1;2;1;2;1;2;2;4;3;6;5;9;8;16
1;2;1;2;1;2;1;2;1;2;2;4;2;6;4;9;8;16
1;2;1;2;1;2;1;2;1;2;2;4;3;6;4;9;9;17
1;2;1;2;1;1;1;2;1;3;1;4;3;5;5;9;8;16
1;2;1;1;1;2;1;2;1;3;2;4;2;6;4;9;9;17
1;2;1;2;1;1;1;2;1;3;1;3;3;5;5;9;8;17
1;2;1;1;1;2;1;2;2;2;2;4;3;6;5;9;8;16
1;2;1;2;1;2;1;2;1;3;2;3;3;5;4;9;8;26
1;2;1;1;1;2;1;2;1;2;2;4;3;6;5;9;8;16
1;2;1;2;1;2;1;2;1;3;1;3;3;5;4;9;9;17
1;1;1;2;1;2;1;1;1;2;2;3;3;5;5;9;8;52
2;2;1;1;1;2;1;2;2;2;2;3;3;5;5;9;8;28
1;2;1;2;1;1;1;2;1;3;2;4;2;5;4;9;9;17
1;1;1;2;1;2;1;1;1;3;1;3;3;5;5;9;8;17
1;2;1;1;1;2;1;2;2;2;2;3;3;5;5;9;8;16
1;2;1;1;1;2;1;2;1;3;2;4;2;6;4;9;9;17
1;1;1;2;1;2;1;2;1;3;2;4;2;6;4;9;9;17
1;2;1;2;1;1;1;2;1;3;2;4;2;5;4;9;9;17
1;1;1;2;1;2;1;1;1;2;2;3;3;5;5;9;8;17
1;2;1;2;1;2;1;1;1;2;2;3;3;6;5;9;8;17
1;2;1;1;1;2;1;2;1;2;2;4;2;6;4;9;9;17
1;1;1;2;1;2;1;2;1;2;1;3;3;5;4;9;9;17
1;1;1;2;1;2;1;2;2;2;2;3;3;6;5;9;8;17
1;2;1;2;1;2;1;2;1;3;2;4;2;5;4;9;9;17
1;1;1;2;1;1;1;2;1;3;1;3;3;5;4;9;9;17
1;2;1;2;1;2;1;2;2;2;2;4;3;6;5;9;8;16
1;2;1;2;1;2;1;2;1;3;2;4;2;5;4;9;9;17
1;1;1;2;1;1;1;2;1;2;1;3;3;5;5;9;8;17
1;2;1;2;1;2;1;2;2;2;2;4;3;6;5;9;8;16
1;2;1;2;1;1;1;2;1;3;2;4;2;13;4;9;9;17
1;1;1;2;1;2;1;1;1;2;2;3;3;5;5;9;8;17
1;2;1;1;1;2;1;2;1;3;2;4;2;6;4;9;9;17
1;2;1;2;1;1;1;2;1;3;2;4;2;5;4;9;9;17
1;1;1;2;1;1;1;2;1;3;1;3;3;5;4;9;9;25
1;2;1;2;1;2;1;2;2;2;2;3;3;5;5;9;8;17
1;2;1;1;1;2;1;2;1;2;2;4;3;6;5;9;8;16
1;2;1;2;1;2;1;2;1;2;2;4;3;6;5;9;8;16
1;2;1;1;1;2;1;2;1;2;2;4;2;6;4;9;9;17
1;2;1;2;1;1;1;2;1;3;2;4;2;5;5;9;8;17
1;2;1;1;1;2;1;2;1;3;2;4;2;5;4;10;9;17
1;1;1;2;1;1;1;2;1;3;1;4;3;5;4;9;9;17
1;1;1;2;1;2;1;1;1;2;2;3;3;5;5;9;8;17
1;2;1;2;1;2;1;2;2;2;2;3;3;6;5;9;17;17
1;2;1;2;1;2;1;2;1;2;2;4;2;6;4;9;9;17
1;2;1;2;1;1;1;2;1;3;1;3;3;5;4;9;9;17
1;1;1;2;1;2;1;1;1;2;2;4;3;6;5;9;87;18
1;2;1;2;1;1;1;2;1;3;1;3;3;5;4;9;9;17
1;1;1;2;1;2;1;2;2;2;2;4;2;6;4;9;9;17
1;2;1;2;1;1;1;2;1;3;2;3;3;5;5;19;8;17
1;1;1;2;1;1;1;2;1;2;1;3;3;5;5;9;8;17
1;2;1;1;1;2;1;2;1;2;2;4;3;5;4;9;9;17
1;1;1;2;1;2;1;1;1;2;2;3;3;5;5;9;8;17
1;2;1;1;1;2;1;2;1;3;2;4;2;5;4;9;9;17
1;2;1;1;1;2;1;2;2;2;2;4;2;5;4;9;9;17
1;2;1;2;1;2;1;2;1;3;1;3;3;5;5;9;8;17
1;2;1;1;1;2;1;2;2;2;2;4;3;6;5;9;8;16
1;2;1;2;1;1;1;2;1;3;2;4;2;5;4;9;9;17
1;1;1;2;1;2;1;1;1;2;2;3;3;5;5;9;8;17
1;2;1;1;1;2;1;2;2;2;2;4;3;6;5;9;8;16
1;2;1;2;1;1;1;2;1;3;1;3;3;5;4;9;8;17
1;2;1;2;1;2;1;2;2;2;2;4;3;6;4;9;9;17
1;2;1;2;1;1;1;2;1;3;1;3;3;5;5;9;8;17
1;2;1;2;1;2;1;1;1;2;2;3;3;5;5;9;8;16
1;2;1;2;1;1;1;2;1;3;1;3;3;5;4;9;9;17
1;2;1;2;1;2;1;2;2;2;2;4;3;6;5;9;9;17
1;2;1;2;1;2;1;2;1;2;2;3;3;5;5;9;8;17
1;2;1;1;1;2;2;2;1;2;2;3;3;5;5;9;8;17
1;2;1;1;1;2;1;2;1;2;2;4;2;6;4;9;9;17
1;2;1;2;1;2;1;2;1;2;1;3;3;5;5;9;8;17
1;2;1;1;1;2;1;2;1;2;2;4;3;6;4;9;9;17
1;2;1;2;1;2;1;1;1;2;1;3;3;5;5;10;8;17
1;2;1;2;1;2;1;2;2;2;2;4;3;6;5;9;8;16
1;2;1;2;1;2;1;2;1;3;1;4;3;5;4;9;9;17
1;1;1;2;1;2;1;2;2;2;2;4;3;6;4;9;9;17
1;1;1;2;1;1;1;2;1;3;1;3;3;5;5;9;8;17
9;2;1;1;1;2;1;2;1;3;2;4;2;5;4;9;9;17
1;1;1;2;1;2;1;1;1;2;2;3;3;6;5;9;8;16
1;2;1;2;1;1;1;2;1;3;1;3;3;5;4;9;8;17
1;2;1;2;1;2;1;3;2;2;2;4;2;6;4;9;9;16
1;2;1;2;1;2;1;2;1;3;2;4;2;5;4;10;9;17
1;1;1;2;1;2;1;2;1;2;1;3;3;5;5;9;8;17
1;2;1;1;1;2;1;2;2;2;2;4;4;5;5;9;8;17
1;2;1;1;1;2;1;2;1;2;2;4;3;6;5;9;8;16
1;2;1;2;1;2;1;2;1;2;2;4;3;6;4;9;8;16
1;2;1;2;1;2;1;2;1;2;2;4;3;6;4;9;8;17
1;2;1;2;1;2;1;2;1;3;2;4;2;5;4;9;17;17
1;2;1;2;1;1;1;2;1;3;1;3;3;5;4;9;9;17
1;1;1;2;1;2;1;1;1;2;2;3;3;5;5;9;8;17
1;2;1;1;1;2;1;2;2;2;2;4;3;6;5;9;8;16
1;2;1;2;1;2;1;2;1;3;2;4;2;5;4;10;9;17
1;1;1;2;1;2;10;2;2;2;2;4;3;6;5;9;8;17
1;2;1;1;1;2;1;2;1;2;2;4;3;6;5;9;8;16
1;2;1;2;1;2;1;2;1;3;2;4;2;6;4;9;9;17
1;2;1;2;1;1;1;2;1;3;2;4;2;5;4;9;9;17
1;1;1;2;1;1;1;2;1;3;1;3;3;5;4;17;9;17
1;2;1;1;1;2;1;2;2;2;2;4;3;6;5;9;8;17
1;2;1;1;1;2;1;2;1;2;2;4;3;6;5;9;8;16
1;2;1;1;1;2;1;2;1;2;2;4;2;6;4;9;8;16
1;2;1;2;1;2;1;2;1;3;2;4;2;5;4;9;9;17
1;1;1;1;1;2;1;2;2;2;2;4;3;6;5;9;8;16
1;2;1;2;1;2;1;2;1;3;2;4;3;6;4;9;8;17
1;2;1;2;1;2;1;2;1;3;2;4;2;5;4;9;9;17
1;1;1;2;1;2;1;1;1;2;2;3;3;5;5;9;8;17
1;2;1;1;1;2;1;2;2;2;2;4;11;6;5;9;9;17
1;2;1;2;1;2;1;2;1;3;1;3;3;5;4;9;9;17
1;1;1;2;1;2;1;1;1;2;2;3;3;5;5;9;8;17
1;2;1;2;1;2;1;2;2;2;2;3;3;5;5;9;8;17
1;2;1;1;1;2;1;2;2;2;2;4;2;6;4;9;9;25
1;1;1;2;1;2;1;2;1;2;1;3;3;5;5;9;8;17
1;2;1;2;1;2;1;2;2;2;2;4;3;6;5;9;8;17
1;2;1;1;1;2;1;2;1;2;2;4;3;6;5;9;8;16
1;2;1;2;1;2;1;2;1;3;1;4;2;5;4;9;9;17
1;1;1;2;1;2;1;2;1;3;1;3;3;5;4;9;8;17
1;2;1;2;1;3;1;2;2;3;2;4;2;5;4;10;9;27
1;2;1;2;1;2;1;2;2;2;2;3;3;5;5;9;8;17
1;2;1;2;1;2;1;2;2;2;2;3;3;6;5;9;8;17
1;2;1;1;1;2;1;2;1;2;2;4;3;6;5;9;8;16
1;2;1;2;1;2;1;2;1;3;2;4;3;6;4;9;8;16
1;2;1;2;1;2;1;2;1;3;11;4;3;6;5;9;8;16
1;2;1;1;1;2;1;2;1;2;2;4;3;6;5;9;8;16
1;2;1;1;1;2;1;2;1;2;2;4;3;6;5;9;8;16
1;2;1;2;1;2;1;2;1;3;2;4;3;6;4;9;8;17
1;2;1;2;1;2;1;2;1;3;2;4;2;6;4;9;17;17
1;1;1;2;1;2;1;1;1;2;2;3;3;5;5;9;8;17
1;2;1;2;1;2;1;2;1;2;2;3;3;5;5;9;8;17
1;2;1;1;1;2;1;2;1;2;2;4;3;6;5;9;8;16
1;2;1;2;1;2;1;2;1;3;2;4;2;6;4;9;9;17
1;2;1;2;1;1;1;2;1;2;2;3;3;5;5;9;8;17
1;2;1;2;1;2;1;2;2;2;2;4;3;6;5;9;8;17
1;2;1;2;1;2;1;2;1;2;2;4;3;6;5;9;8;16
1;2;1;2;1;2;1;2;1;3;2;4;2;5;4;9;9;17
1;2;1;2;1;1;1;2;1;3;1;3;3;5;13;10;8;17
1;2;1;1;1;2;1;2;1;2;2;4;3;6;4;9;8;16
1;2;1;2;1;2;1;2;1;3;2;4;2;5;4;9;9;17
1;2;1;2;1;1;1;2;1;3;2;4;2;5;4;10;9;17
1;1;1;2;1;2;1;2;1;3;1;3;3;5;5;9;8;17
1;2;1;2;1;2;1;2;1;3;2;4;2;5;4;9;9;17
1;2;1;2;1;2;1;2;1;2;1;3;3;5;5;9;8;17
1;1;1;2;1;2;1;1;1;2;2;3;3;5;5;9;8;17
1;2;1;1;1;2;1;2;2;2;2;4;3;6;5;9;8;16
1;2;1;1;1;2;1;2;1;2;2;4;3;6;4;9;9;17
1;1;1;2;1;2;1;1;1;2;2;3;3;6;5;9;8;16
1;2;1;2;1;2;1;2;1;3;2;4;2;5;4;10;9;17
1;1;1;2;1;2;1;1;1;2;2;3;3;5;5;9;8;17
1;2;1;1;1;2;1;2;1;2;2;4;3;6;4;9;8;25
1;2;1;2;1;2;1;1;1;2;2;3;3;5;5;9;8;17
1;2;1;2;1;2;1;2;2;2;2;3;3;5;5;9;8;17
1;2;1;1;1;2;1;2;2;2;2;4;3;6;5;9;8;51
1;1;1;2;1;2;1;2;2;2;2;4;3;6;5;9;8;27
1;2;1;2;1;2;1;1;1;2;2;3;3;5;5;9;8;17
1;2;1;2;1;2;1;2;2;2;2;3;3;6;5;9;8;17
1;2;1;1;1;2;1;2;1;2;2;4;3;6;4;9;9;17
1;1;1;2;1;1;1;2;1;3;1;3;3;5;4;9;9;17
1;1;1;2;1;2;1;1;1;11;2;4;2;5;4;9;9;17
1;1;1;2;1;2;1;2;1;3;1;3;3;5;4;9;9;17
1;1;1;2;1;2;1;1;1;2;1;3;3;5;5;9;9;17
1;2;1;2;1;2;1;1;1;2;1;3;3;5;4;9;9;17
1;1;1;2;1;2;1;1;1;2;2;3;3;5;5;9;17;17
1;2;1;1;1;2;1;2;1;3;2;4;2;5;4;9;9;17
1;1;1;2;1;2;1;2;1;2;2;3;3;5;5;9;8;17
1;2;1;1;1;2;1;2;2;2;2;4;3;6;5;9;8;17
1;2;1;2;1;1;1;2;1;3;1;3;3;5;4;9;9;17
1;2;1;2;2;2;1;2;1;3;1;3;3;5;5;9;8;17
1;2;1;1;1;2;1;2;1;3;2;4;2;5;4;9;9;17
1;1;1;2;1;2;1;1;1;2;2;3;3;5;5;9;8;17
1;2;1;1;1;2;1;2;1;3;2;4;2;5;4;9;9;17
1;1;1;2;1;2;1;1;1;2;2;3;3;6;5;9;9;17
1;2;1;2;1;2;1;2;1;3;1;3;3;5;4;9;8;17
1;2;1;2;1;2;1;2;2;2;2;4;3;6;5;9;8;16
1;2;1;2;1;2;1;2;1;3;2;4;2;5;4;9;9;17
1;1;1;2;1;2;1;2;2;2;2;4;3;6;5;9;8;25
1;2;1;2;1;2;1;1;1;2;2;3;3;5;5;9;8;17
1;2;1;1;1;2;1;2;1;3;2;4;2;5;4;10;9;17
1;1;1;2;1;2;1;2;2;2;2;3;3;6;5;9;8;17
1;2;1;2;1;2;1;2;1;3;2;4;2;6;4;9;9;17
1;2;1;2;1;2;1;2;1;3;2;3;3;5;5;9;8;17
1;2;1;1;1;2;1;2;2;2;2;4;3;6;5;9;8;17
1;2;1;2;1;1;1;2;1;3;1;3;3;5;5;9;8;17
1;2;1;1;1;2;1;2;2;2;2;4;3;6;5;9;8;17
1;2;1;2;1;1;1;2;1;3;2;3;3;5;4;9;17;17
1;2;1;2;1;2;1;2;2;2;2;4;3;6;5;9;8;16
1;2;1;2;1;2;1;2;1;3;2;4;2;5;4;10;9;21
1;2;1;2;1;2;1;2;2;2;2;4;3;6;5;9;44;17
1;1;1;2;1;2;1;1;1;2;2;3;3;5;5;9;8;16
1;2;1;2;1;1;1;2;1;3;1;3;3;5;4;9;8;17
1;2;1;1;1;2;1;2;1;3;2;4;2;6;4;10;9;17
10;2;1;2;1;2;1;1;1;2;2;3;3;5;5;9;8;17
1;2;1;1;1;2;1;2;1;3;2;4;2;5;4;9;9;17
1;1;1;2;1;2;1;1;2;4;2;3;3;6;5;9;8;16
1;2;1;2;1;2;1;2;1;3;2;4;2;5;4;9;8;17
1;2;1;2;1;2;1;2;2;2;2;3;3;5;5;9;8;17
1;2;1;1;1;2;1;2;1;2;2;4;3;6;5;9;8;16
1;2;1;1;1;2;1;2;2;2;2;4;3;6;5;9;8;17
1;2;1;2;1;2;1;2;1;3;2;4;2;5;4;9;9;17
1;2;1;1;1;2;1;2;1;2;2;4;3;6;5;9;8;16
1;2;1;2;1;2;1;2;1;2;2;4;2;6;4;9;9;17
1;2;1;2;1;1;1;2;1;3;2;4;2;5;4;9;9;17
1;2;1;2;1;1;1;2;1;3;1;3;3;5;4;9;9;17
1;1;1;2;1;2;1;2;2;2;2;4;3;6;5;9;8;16
1;2;1;2;1;2;1;2;1;3;2;4;2;6;4;9;9;17
1;2;1;2;1;2;1;2;1;3;2;4;2;5;4;10;9;17
1;2;1;2;1;2;1;1;1;2;1;3;3;5;5;9;8;17
1;1;1;2;1;2;1;1;1;2;2;3;3;5;4;9;8;17
1;2;1;1;1;2;1;2;1;2;2;4;2;6;4;9;9;17
1;1;1;2;1;1;1;2;1;3;1;3;3;5;5;9;8;17
1;1;1;2;1;2;1;1;1;2;2;3;3;5;5;9;8;17
1;2;1;2;1;2;1;1;1;2;2;3;3;5;5;9;8;25
1;2;1;2;1;1;1;2;1;3;2;4;2;5;4;10;9;17
1;1;1;2;1;1;1;2;1;3;1;3;3;5;4;9;9;17
1;2;1;2;1;2;1;2;2;2;2;4;3;6;5;9;8;17
1;2;1;2;1;2;1;2;1;3;1;3;3;5;5;9;8;17
1;2;1;1;1;2;1;2;2;2;10;4;2;5;4;9;9;17
1;2;1;2;1;2;1;2;1;3;1;3;3;5;5;9;8;17
1;2;1;2;1;2;1;1;2;2;2;3;3;5;5;9;8;17
1;2;1;1;1;2;1;2;1;2;2;4;3;6;5;9;8;16
1;2;1;1;1;2;1;2;1;3;2;4;2;6;4;9;17;17
1;2;1;1;1;2;1;2;2;2;2;4;3;6;5;10;8;17
1;2;1;2;1;1;1;2;1;3;2;4;2;5;4;10;9;17
1;1;1;2;1;2;1;1;1;2;2;3;3;6;5;9;8;16
1;2;1;1;1;2;1;2;1;2;2;4;2;6;4;9;9;26
1;2;1;2;1;1;1;2;1;3;2;4;2;5;4;10;9;17
1;1;1;2;1;2;1;1;1;2;2;3;3;5;4;9;8;17
1;1;1;2;1;2;1;1;2;2;2;3;3;5;5;9;8;17
1;2;1;1;1;2;1;2;2;2;2;4;3;6;5;9;8;17
1;2;1;1;1;2;1;2;1;2;2;3;3;6;5;9;8;16
1;2;1;2;1;2;1;2;1;2;2;4;3;6;5;9;8;16
1;2;1;2;1;2;1;2;1;2;2;4;3;6;4;9;8;16
1;2;1;2;1;2;1;2;1;3;2;4;2;6;4;9;8;16
1;2;1;2;1;2;1;2;1;3;2;4;2;5;4;9;17;17
1;2;1;1;1;2;1;2;1;2;2;4;3;6;5;9;8;17
1;2;1;1;1;2;1;2;1;2;2;4;3;6;5;9;8;16
1;2;1;2;1;2;1;2;1;2;2;4;3;6;4;9;8;17
1;2;1;2;1;2;1;2;1;3;1;4;2;5;4;9;9;17
1;1;1;2;1;2;1;2;2;2;2;3;3;5;5;9;8;17
1;2;1;1;1;2;1;2;2;2;2;4;3;6;5;9;8;16
1;2;1;2;1;2;1;2;1;3;2;4;2;5;4;9;9;17
1;1;1;2;1;1;1;2;1;3;1;3;3;5;4;9;9;17
1;2;1;2;1;2;1;1;1;2;2;3;3;5;13;9;8;16
1;2;1;1;1;2;1;2;1;2;2;4;3;6;4;9;8;16
1;2;1;2;1;2;1;2;1;3;2;4;2;6;4;9;9;17
1;2;1;2;1;1;1;2;1;3;2;4;2;5;4;9;9;17
1;1;1;2;1;2;1;2;1;2;1;3;3;5;4;9;9;17
1;1;1;2;1;2;1;1;1;2;2;3;3;5;5;9;8;17
1;2;1;1;1;2;1;2;1;2;2;4;3;6;5;9;8;16
1;2;1;2;1;2;1;2;1;3;2;4;2;5;4;9;9;17
1;1;1;2;1;2;1;2;1;2;2;3;3;5;5;9;8;17
1;2;1;1;1;2;1;2;1;3;2;12;2;5;4;9;9;17
1;1;1;2;1;2;1;2;1;3;1;3;3;5;5;9;8;17
1;2;1;2;1;2;1;1;2;2;2;3;3;5;5;9;8;17
1;2;1;1;1;2;1;2;1;3;2;4;2;5;4;9;14;17
1;2;1;2;1;2;1;2;2;2;2;3;3;5;5;9;8;17
1;2;1;1;1;2;1;2;1;2;2;4;3;6;4;34;9;16
1;2;1;2;1;2;1;2;1;3;2;4;2;5;4;9;18;17
1;1;1;2;1;2;1;2;2;2;2;3;3;5;5;9;8;17
1;2;1;1;1;2;1;2;1;3;2;4;2;6;4;9;9;17
1;2;1;2;1;1;1;2;1;3;2;4;2;5;4;10;9;17
1;1;1;2;1;2;1;1;1;2;2;3;3;5;5;9;8;17
1;2;1;1;1;2;1;2;2;2;2;4;3;6;4;9;8;17
1;2;1;2;1;2;1;2;1;3;2;4;2;5;4;9;9;17
1;2;1;2;1;1;1;2;1;3;1;3;3;5;4;9;9;17
1;1;1;2;1;2;1;1;1;2;1;3;3;5;5;9;9;17
1;2;1;2;1;2;1;2;1;2;2;4;2;6;5;9;9;17
1;2;1;2;1;1;1;2;1;3;1;3;3;5;4;9;9;17
1;1;1;2;1;2;1;1;1;2;2;3;3;5;5;9;8;17
1;2;1;1;1;2;1;2;2;2;2;4;3;6;5;9;8;17
1;2;1;2;1;2;1;2;1;3;2;4;2;5;4;9;9;17
1;1;1;2;1;2;1;1;1;2;2;3;3;5;5;9;8;17
1;2;1;1;1;2;1;2;2;2;2;4;3;6;4;9;9;17
1;2;1;2;1;1;1;2;1;3;1;3;3;5;5;9;8;17
1;2;1;2;1;2;1;2;2;2;2;4;3;6;5;9;9;17
1;2;1;2;1;1;1;2;1;3;1;4;3;6;4;9;9;17
1;1;1;2;1;2;1;2;1;2;1;3;3;5;5;9;8;17
1;2;1;1;1;2;1;2;2;2;2;4;3;6;5;9;8;16
1;2;1;2;1;1;1;2;1;3;1;3;3;5;5;9;8;17
1;2;1;1;1;2;1;2;1;3;2;4;2;5;4;9;17;17
1;2;1;1;1;2;1;2;1;2;2;4;3;6;4;9;8;16
1;2;1;2;1;2;1;2;1;3;2;4;2;5;4;9;9;17
1;1;1;2;1;2;1;1;1;2;2;3;3;5;5;9;8;17
1;2;1;1;1;2;1;2;1;2;2;4;2;6;4;9;9;17
1;2;1;2;1;1;1;2;1;2;2;3;3;5;5;9;8;17
1;2;1;2;1;1;1;2;1;3;2;3;3;5;4;9;9;17
1;2;1;2;1;2;1;2;2;2;2;3;3;6;5;9;8;16
1;2;1;2;1;2;1;2;1;3;2;3;2;5;4;9;9;17
1;1;1;2;1;2;1;2;2;2;2;3;3;5;13;9;8;17
1;2;1;2;1;1;1;2;1;3;1;3;3;5;5;9;8;17
1;2;1;1;1;2;1;2;1;2;2;4;2;6;4;9;9;17
1;1;1;2;1;2;1;1;2;2;2;3;3;6;5;31;8;17
1;2;1;1;1;2;1;2;1;3;2;4;2;6;4;9;18;17
1;2;1;1;1;2;1;2;2;2;2;4;2;6;4;9;9;17
1;2;1;2;1;1;1;2;1;3;1;3;3;5;4;9;8;17
1;1;1;2;1;2;1;2;1;2;2;4;2;5;4;9;9;17
1;1;1;2;1;2;1;1;1;2;2;3;3;5;5;9;8;17
1;2;1;1;1;11;1;2;1;2;1;3;3;5;5;9;8;17
1;2;1;2;1;2;1;2;2;2;2;3;3;6;5;9;8;16
1;2;1;2;1;2;1;2;1;3;2;4;2;5;4;9;9;17
1;1;1;2;1;2;1;1;1;2;2;3;3;5;5;9;8;17
1;2;1;1;1;2;1;2;2;2;2;4;3;6;13;9;9;17
1;2;1;1;1;2;1;2;2;2;2;4;3;6;5;9;8;17
1;2;1;2;1;1;1;2;1;2;2;3;5;6;5;9;8;17
1;2;1;1;1;2;1;2;1;2;2;4;3;6;5;9;8;27
1;2;1;2;1;1;1;2;1;3;2;4;3;5;4;9;9;17
1;1;1;2;1;2;1;2;2;2;2;3;3;5;5;9;8;17
1;2;1;1;1;2;1;2;1;2;2;4;3;6;4;9;9;17
1;1;1;2;1;1;1;2;1;3;1;3;3;5;4;9;9;17
1;2;1;2;1;2;1;1;1;2;2;4;3;5;4;9;8;17
1;2;1;2;1;2;1;2;2;2;2;4;3;6;5;9;8;16
1;2;1;1;1;2;1;2;1;3;2;4;2;6;4;9;9;17
1;1;1;2;1;2;1;2;1;2;2;3;3;5;5;9;8;17
1;2;1;1;1;2;1;2;1;2;2;4;2;5;4;9;9;16
1;1;1;2;1;2;1;2;1;3;1;3;3;5;4;9;9;17
1;1;1;2;1;2;1;2;2;2;2;3;3;5;5;9;8;17
1;2;1;1;1;2;1;2;2;2;2;4;3;6;5;9;8;16
1;2;1;1;1;2;1;2;1;3;2;4;3;6;4;9;8;16
1;2;1;2;10;2;1;2;1;2;1;3;3;5;5;9;8;17
1;2;1;2;1;2;1;2;2;2;2;3;3;6;5;9;8;17
1;2;1;1;1;2;1;2;1;3;2;4;2;5;4;10;9;17
1;1;1;2;1;2;1;2;1;2;1;3;3;5;4;9;9;17
1;1;1;2;1;2;1;1;1;2;2;3;3;5;5;9;8;17
1;2;1;1;1;2;1;2;1;2;2;4;3;6;5;9;8;16
1;2;1;1;1;2;1;2;1;2;2;4;3;6;4;9;13;17
1;1;1;2;1;2;1;1;1;2;2;3;3;5;30;9;8;16
1;2;1;2;1;2;1;2;1;3;2;4;2;5;4;9;9;17
1;1;1;2;1;2;1;2;1;3;1;3;3;5;4;9;19;17
1;1;1;2;1;2;1;1;1;2;2;3;3;5;5;9;8;17
1;2;1;2;1;2;1;2;2;2;2;4;3;6;5;9;8;17
1;2;1;1;1;2;1;2;2;2;2;4;3;6;5;9;8;17
1;2;1;1;1;2;1;2;1;2;2;4;3;6;4;9;8;17
1;2;1;2;1;1;1;1;2;3;2;4;2;5;4;10;9;17
1;1;1;2;1;2;1;1;1;2;1;3;3;5;4;9;8;17
1;2;1;2;1;2;1;1;1;2;2;3;3;5;5;9;8;17
1;2;1;1;1;2;1;2;2;2;2;4;3;6;5;9;8;17
1;2;1;1;1;2;1;2;1;2;2;4;3;6;13;9;9;17
1;1;1;2;1;2;1;2;1;2;2;3;3;5;5;9;8;17
1;2;1;1;1;2;1;2;1;2;2;4;3;6;5;9;8;16
1;2;1;2;1;2;1;2;1;3;2;4;2;5;4;9;9;17
1;2;1;2;1;1;1;2;1;3;2;4;2;5;4;10;9;17
1;2;1;2;1;2;1;1;1;2;2;3;3;5;5;9;8;17
1;2;1;2;1;2;1;2;2;2;2;4;3;6;5;9;8;16
1;2;1;2;1;2;1;2;1;3;2;4;2;6;4;9;8;17
1;2;1;2;1;1;1;2;1;3;2;4;2;5;4;9;9;17
1;1;1;2;1;1;1;2;1;3;1;3;3;6;5;9;9;17
1;2;1;2;1;1;1;2;1;3;2;4;2;5;4;9;9;17
1;1;1;2;1;1;1;2;1;3;1;3;3;5;5;9;8;17
1;2;1;2;1;2;1;2;2;2;2;4;3;6;5;9;8;17
1;2;1;1;1;2;1;2;1;2;2;4;3;6;5;87;9;17
1;2;1;1;1;2;1;2;1;3;2;4;2;6;5;9;8;16
1;2;1;2;1;2;1;2;1;2;2;4;2;6;4;9;8;16
1;2;1;2;1;2;1;2;1;3;2;4;2;16;5;9;8;17
1;2;1;1;1;2;1;2;1;2;2;4;3;6;5;9;8;16
1;2;1;2;1;2;1;2;1;3;2;4;2;5;4;9;9;208
2;2;1;2;1;2;1;1;2;2;2;4;3;6;13;9;8;17
1;2;1;2;1;2;1;2;2;2;2;3;3;6;5;9;8;17
1;2;1;1;1;2;1;2;2;2;2;4;3;5;5;10;8;17
1;2;1;2;1;2;1;2;1;3;2;4;3;5;4;19;8;17
1;1;1;2;1;2;1;2;1;3;1;3;3;5;5;9;8;17
1;2;1;2;1;2;1;1;2;2;2;3;3;5;5;9;8;17
1;2;1;1;1;2;1;2;1;3;2;4;2;5;4;9;9;17
1;1;1;2;1;1;1;2;1;3;1;3;3;5;4;9;9;17
1;10;1;2;1;2;1;2;1;3;2;4;2;5;4;9;9;17
1;1;1;2;1;2;1;1;1;2;2;3;3;5;5;9;8;17
1;2;1;1;1;2;1;2;2;2;2;4;3;6;5;9;8;17
1;2;1;2;1;2;1;2;1;2;2;4;2;6;4;9;8;17
1;2;1;2;1;1;1;2;1;3;2;4;3;5;5;9;8;17
1;2;1;1;1;2;1;2;2;2;2;4;3;6;5;9;8;17
1;2;1;2;1;2;1;2;1;2;2;4;3;6;5;9;8;16
1;2;1;2;1;2;1;2;1;3;2;4;2;5;4;9;9;17
1;2;1;2;1;1;1;2;1;3;1;3;3;5;4;9;9;25
1;2;1;1;1;2;1;2;2;2;2;4;3;6;5;9;8;16
1;2;1;1;1;2;1;2;1;2;2;4;3;6;5;9;8;16
1;2;1;2;1;2;1;2;1;3;2;4;2;6;4;9;9;17
1;2;1;2;1;2;1;2;1;3;2;4;2;6;4;9;9;17
1;2;1;2;1;1;1;2;2;3;1;3;3;5;5;9;8;17
1;2;1;2;1;2;1;1;1;2;2;3;3;5;5;9;8;17
1;2;1;1;1;2;1;2;2;2;2;4;3;6;5;9;8;17
1;2;1;1;1;2;1;2;1;2;2;4;3;6;4;9;8;16
1;2;1;2;1;1;1;2;1;3;2;4;2;6;4;18;9;17
1;1;1;2;1;2;1;1;1;2;2;3;3;5;5;9;8;17
1;2;1;1;1;2;1;2;1;2;2;4;3;6;5;9;9;17
1;1;1;2;1;2;1;2;1;2;2;3;3;5;5;9;8;17
1;2;1;1;1;2;1;2;2;2;2;4;3;6;4;9;9;17
1;2;1;2;1;2;1;2;1;3;2;4;2;5;4;9;9;17
1;1;1;2;1;2;1;1;1;2;2;3;3;6;5;9;8;16
1;2;1;1;1;2;1;2;1;3;2;4;2;5;4;9;9;17
1;1;1;2;1;2;1;1;1;2;2;3;3;5;5;9;8;17
1;2;1;1;1;2;1;2;1;2;2;4;2;6;4;9;9;17
1;2;1;2;1;2;1;2;2;2;2;3;3;5;5;9;8;16
1;2;1;1;1;2;1;2;1;3;2;4;2;5;4;14;9;17
1;1;1;2;1;2;1;1;1;2;2;3;3;52;5;9;8;17
1;2;1;2;1;2;1;2;1;3;2;4;2;5;4;9;9;17
1;1;1;2;1;2;1;1;1;2;2;3;3;5;5;9;8;17
1;2;1;1;1;2;1;2;1;2;2;4;2;6;4;20;9;17
1;1;1;2;1;2;1;1;1;2;2;3;3;6;5;9;8;17
1;2;1;1;1;2;1;2;1;3;2;4;2;6;4;9;9;17
1;2;1;2;1;2;1;2;1;3;2;3;3;5;5;9;8;17
1;2;1;1;1;2;1;2;2;2;2;4;3;6;4;9;8;17
1;11;1;1;1;2;1;2;2;2;2;4;3;6;5;9;8;16
1;2;1;2;1;1;1;2;1;3;1;3;3;5;4;9;9;17
1;1;1;2;1;2;1;2;2;2;2;4;3;6;5;9;8;16
1;2;1;2;1;1;1;2;1;3;1;3;3;5;4;9;9;17
1;2;1;2;1;2;1;2;2;2;2;4;3;6;5;9;8;16
1;2;1;2;1;1;1;2;1;3;2;4;2;5;4;9;9;17
1;1;1;2;1;2;1;2;2;2;2;3;3;6;5;9;8;17
1;2;1;1;1;2;1;2;1;3;2;4;2;5;4;9;9;17
1;1;1;2;1;2;1;1;1;2;2;3;3;6;5;9;8;26
1;1;1;2;1;2;1;1;1;2;2;3;3;6;5;9;8;16
1;2;1;2;1;2;1;2;1;3;2;4;2;5;4;10;9;17
1;1;1;2;1;2;1;2;2;2;2;4;3;6;5;9;8;16
1;2;1;2;1;2;1;2;1;3;2;4;2;5;4;10;9;17
1;1;1;2;1;2;1;10;2;2;2;4;3;6;6;9;9;17
1;1;1;2;1;2;1;2;1;3;1;3;3;5;5;9;8;17
1;2;1;1;1;2;1;2;2;2;2;4;3;6;5;9;9;17
1;2;1;2;1;1;1;2;1;3;2;3;3;5;5;9;8;17
1;2;1;1;1;2;1;2;1;2;2;4;3;6;4;9;9;17
1;2;1;2;1;1;1;2;1;3;2;3;3;5;4;9;8;17
1;2;1;2;1;2;1;1;2;2;2;3;3;5;5;9;8;17
1;2;1;1;1;2;1;2;1;3;2;4;2;5;4;10;9;26
1;2;1;2;1;2;1;2;1;3;2;4;2;5;4;9;9;17
1;2;1;2;1;1;1;2;1;3;2;4;2;5;4;10;9;17
1;1;1;2;1;1;1;2;1;3;2;3;2;5;4;9;9;17
1;1;1;2;1;1;1;2;1;3;1;3;3;5;5;9;8;17
1;2;1;2;1;2;1;1;1;2;2;4;3;6;5;9;8;16
1;2;1;1;1;38;1;2;1;2;2;3;3;5;5;9;8;17
1;2;1;2;1;2;1;2;2;2;2;3;3;5;5;9;8;17
1;2;1;1;1;2;1;2;1;2;2;4;2;6;4;9;9;17
1;2;1;2;1;1;1;2;1;3;2;14;3;5;4;9;8;17
1;2;1;2;1;2;1;2;2;2;2;4;3;6;5;9;8;17
1;2;1;1;1;2;1;2;2;2;2;4;3;6;5;9;8;17
1;2;1;1;1;2;1;2;2;2;2;3;3;5;5;9;8;17
1;2;1;2;1;2;1;2;2;2;2;3;3;6;5;9;17;18
1;2;1;2;1;2;1;2;2;2;2;4;3;6;4;9;8;16
1;2;1;2;1;2;1;2;1;3;2;4;2;6;4;9;8;17
1;2;1;2;1;1;1;2;1;3;1;3;3;5;4;9;9;17
1;1;1;2;1;2;1;1;1;2;2;3;3;5;5;9;8;17
1;2;1;2;1;2;10;2;2;2;2;4;3;6;5;9;8;16
1;2;1;1;1;2;1;2;1;2;2;4;3;6;5;9;8;16
1;2;1;1;1;2;1;2;1;2;2;4;2;6;4;9;8;17
1;2;1;2;1;1;1;2;1;3;2;3;3;5;4;9;8;17
1;2;1;1;1;2;1;2;2;2;2;4;3;6;5;9;8;16
1;2;1;1;1;2;1;2;1;2;2;4;3;6;5;9;8;16
1;2;1;1;1;2;1;2;1;2;2;4;3;6;5;9;8;25
1;2;1;2;1;2;1;2;1;2;1;3;3;5;5;9;8;17
1;1;1;2;1;2;1;1;1;2;2;3;3;5;5;9;8;17
1;2;1;2;1;2;1;1;1;2;2;3;3;5;5;9;8;17
1;2;1;1;1;2;1;2;2;2;2;4;3;6;5;9;8;16
1;2;1;1;1;2;1;2;2;3;2;3;3;5;4;9;9;17
1;2;1;2;1;2;1;1;1;2;2;3;3;5;5;9;8;17
1;2;1;1;1;2;1;2;1;2;2;4;3;6;5;9;8;16
1;2;1;2;1;2;1;2;1;3;2;4;3;5;4;9;9;17
1;1;1;2;1;2;1;1;1;2;2;3;3;5;5;18;8;16
1;2;1;2;1;2;1;2;1;3;2;4;2;5;4;9;9;17
1;1;1;2;1;2;1;2;1;3;1;3;3;5;4;9;9;17
1;1;1;2;1;2;1;1;1;2;2;3;3;5;5;9;8;17
1;1;1;2;1;2;1;1;1;2;2;3;3;5;5;9;8;17
1;2;1;2;1;2;1;2;2;2;2;4;3;6;4;9;8;16
1;2;1;2;1;2;1;2;1;2;2;4;3;6;5;9;8;16
1;2;1;1;1;2;1;2;1;3;1;3;3;5;5;9;8;17
1;2;1;2;2;2;1;2;1;3;2;4;2;5;4;9;9;17
1;1;1;2;1;1;1;2;1;3;1;3;2;5;4;9;9;17
1;1;1;2;1;2;1;1;1;2;1;3;3;5;5;9;8;17
1;2;1;2;1;2;1;2;2;2;2;3;3;5;5;9;8;17
1;2;1;1;1;2;1;2;2;2;2;4;3;5;5;9;8;17
1;2;1;1;1;2;1;2;1;2;2;4;3;6;5;9;8;16
1;2;1;1;1;2;1;2;1;2;2;4;2;6;4;9;9;17
1;2;1;2;1;1;1;2;1;3;2;4;2;5;4;9;18;17
1;2;1;2;1;2;1;2;1;3;2;4;2;5;4;9;9;17
1;2;1;2;1;1;1;2;1;3;1;3;2;5;4;9;9;17
1;1;1;2;1;2;1;1;1;2;2;3;3;5;5;9;8;17
1;2;1;2;1;2;1;2;2;2;2;3;3;5;5;9;8;17
1;2;1;1;1;11;1;2;1;3;1;3;3;5;4;9;9;17
1;1;1;2;1;2;1;1;1;2;1;3;3;5;4;9;9;17
1;1;1;2;1;2;1;2;2;2;2;3;3;5;5;9;8;17
1;2;1;1;1;2;1;2;1;2;2;4;2;6;5;9;8;16
1;2;1;2;1;2;1;2;1;2;2;4;2;6;13;9;9;17
1;2;1;2;1;2;1;1;1;2;2;3;3;5;5;9;8;17
1;2;1;2;1;2;1;1;1;2;2;3;3;5;5;9;8;17
1;2;1;1;1;2;1;2;2;2;2;4;3;6;5;9;8;17
1;2;1;2;1;2;1;2;1;3;2;4;2;5;4;10;9;17
1;2;1;2;1;2;1;2;2;2;2;4;3;6;5;9;8;17
1;2;1;1;1;2;1;2;2;2;2;4;3;6;5;9;8;17
1;2;1;1;1;2;1;2;2;2;2;4;3;6;5;9;8;16
1;2;1;2;1;1;1;2;1;3;2;4;2;5;4;9;9;17
1;1;1;2;1;1;1;2;1;3;1;12;3;5;5;9;8;17
1;2;1;1;1;2;1;2;2;2;2;4;3;6;5;9;8;16
1;2;1;1;1;2;1;2;1;2;2;4;3;6;4;9;8;16
1;2;1;2;1;2;1;2;1;3;2;4;2;6;4;9;9;17
1;2;1;2;1;1;1;2;1;3;2;4;2;5;4;9;9;17
1;1;1;2;1;2;1;1;1;2;2;3;3;5;5;9;8;17
1;2;1;2;1;2;1;2;1;2;2;4;3;6;5;9;8;17
1;2;1;2;1;1;1;2;1;3;1;3;3;5;4;9;8;17
1;2;1;2;1;2;1;2;1;2;2;4;2;6;4;9;9;17
1;1;1;2;1;1;1;2;1;2;2;4;3;6;5;9;8;17
1;2;1;1;2;2;1;1;2;2;2;4;3;6;5;9;8;16
1;2;1;2;1;2;1;2;1;3;2;4;2;5;4;9;9;17
1;1;1;2;1;2;1;1;1;2;2;3;3;5;5;9;8;17
1;2;1;1;1;2;1;2;1;2;2;13;3;5;5;9;8;17
1;2;1;1;1;2;1;2;1;2;2;4;3;6;4;9;9;17
1;1;1;2;1;1;1;2;1;3;1;3;3;5;5;9;8;17
1;2;1;2;1;2;1;2;2;2;2;4;3;6;5;9;8;16
1;2;1;1;1;2;1;2;1;3;2;4;2;5;4;9;17;17
1;2;1;1;1;2;1;2;1;2;2;4;2;5;4;9;9;17
1;1;1;2;1;1;1;2;1;3;1;3;3;5;5;9;8;17
1;2;1;1;1;2;1;2;2;2;2;4;3;6;5;9;8;16
1;2;1;2;1;1;1;2;1;3;1;4;3;5;4;9;9;17
1;2;1;2;1;2;1;2;1;3;2;4;2;5;4;9;9;17
1;1;1;2;1;2;1;1;1;2;2;3;3;5;5;9;8;17
1;2;1;1;1;2;1;2;1;3;2;4;2;5;4;9;9;17
1;2;1;2;1;2;1;2;2;2;2;4;3;6;5;9;8;17
1;2;1;2;1;1;1;2;1;3;1;3;3;5;13;10;8;17
1;2;1;2;1;2;1;2;1;3;2;3;3;5;4;9;9;17
1;2;1;2;1;2;1;2;2;2;2;4;3;6;5;9;9;17
1;1;1;2;1;2;1;1;1;2;2;3;3;5;5;9;8;17
1;2;1;2;1;2;1;2;1;3;2;3;3;5;4;9;9;17
1;2;1;1;1;2;1;2;1;2;2;4;2;6;4;9;9;17
1;2;1;2;1;1;1;2;1;3;2;3;3;5;5;9;8;17
1;2;1;1;1;2;1;2;2;2;2;4;3;6;5;9;8;16
1;2;1;2;1;1;1;2;1;3;2;4;2;5;4;9;9;17
1;1;1;2;1;2;1;1;1;2;2;12;3;6;4;10;9;17
1;1;1;2;1;2;1;2;2;2;2;4;3;6;5;9;8;16
1;2;1;2;1;1;1;2;1;3;1;3;3;5;4;9;9;17
2;2;1;2;1;2;1;2;1;3;1;3;3;5;5;9;19;17
1;2;1;1;1;2;1;2;1;3;2;4;2;6;4;9;8;17
1;2;1;2;1;2;1;2;1;3;2;4;2;6;4;9;9;17
1;2;1;2;1;1;1;2;1;3;1;3;3;5;4;9;9;17
1;1;1;2;1;2;1;2;1;3;2;4;2;5;4;9;9;17
1;2;1;2;1;1;1;2;1;3;2;4;2;5;4;10;9;17
1;2;1;1;1;2;1;2;1;3;2;4;2;5;4;9;9;17
1;1;1;12;1;2;1;2;1;3;2;3;2;5;4;9;9;17
1;1;1;2;1;2;1;2;1;3;1;3;3;5;5;9;8;17
1;1;1;2;1;2;1;1;1;2;2;3;3;5;5;9;8;17
1;2;1;1;1;2;1;2;2;2;2;4;3;6;5;9;8;16
1;2;1;2;1;2;1;2;1;3;2;4;2;14;5;9;8;17
1;2;1;1;1;2;1;2;2;2;2;4;3;6;5;9;8;17
1;2;1;1;1;2;1;2;2;2;2;4;3;6;5;9;8;16
1;2;1;1;1;2;1;2;1;2;2;4;3;6;5;9;8;16
1;2;1;2;1;2;1;2;1;3;2;4;2;6;4;9;9;25
1;2;1;2;1;2;1;2;2;2;2;3;3;6;5;9;8;17
1;2;1;1;1;2;1;2;1;3;2;4;2;6;4;9;9;17
1;2;1;2;1;2;1;2;1;3;2;4;2;5;4;9;9;17
1;2;1;2;1;1;1;2;1;3;1;3;2;5;4;9;9;17
1;1;1;2;1;2;1;2;1;11;2;4;3;6;5;9;8;16
1;2;1;2;1;2;1;2;1;3;2;4;2;5;4;9;9;17
1;2;1;2;1;1;1;2;1;3;1;3;3;5;4;9;9;17
1;1;1;2;1;2;1;1;1;2;2;3;3;5;5;9;8;17
1;2;1;2;1;2;1;2;2;2;2;4;3;6;5;9;9;17
1;1;1;2;1;2;1;1;1;2;2;3;3;5;5;9;8;17
1;2;1;2;1;2;1;1;1;2;2;3;3;5;5;9;8;17
1;2;1;2;1;2;1;2;2;2;2;3;3;5;5;9;8;17
1;2;1;1;1;2;1;2;2;2;2;3;3;6;5;9;8;16
1;2;1;2;10;1;1;2;2;2;2;4;3;6;5;9;8;16
1;2;1;1;1;2;1;2;1;2;2;4;2;6;4;9;9;17
1;2;1;2;1;1;1;2;1;3;1;3;2;5;4;9;9;17
1;1;1;2;1;2;1;1;1;2;1;3;3;5;5;9;8;17
1;2;1;2;1;2;1;2;2;2;2;3;3;5;5;9;9;17
1;2;1;2;1;1;1;2;1;3;2;4;2;5;4;10;9;17
1;1;1;2;1;1;1;2;1;3;1;3;3;5;4;9;9;17
1;1;1;2;1;2;1;1;1;3;2;3;3;5;5;9;8;17
1;2;1;1;1;2;1;2;2;2;2;4;3;6;5;9;8;25
1;2;1;2;1;1;1;2;1;3;1;3;3;5;4;9;9;17
1;1;1;2;1;2;1;1;1;2;2;3;3;5;5;9;8;17
1;2;1;1;1;2;1;2;2;2;2;4;3;6;5;9;8;17
1;2;2;2;1;2;1;2;2;3;2;4;2;5;4;9;9;17
1;1;1;2;1;2;1;2;1;3;2;4;2;5;4;9;9;17
1;1;1;2;1;1;1;2;1;3;1;3;3;5;4;9;9;17
1;1;1;2;1;2;1;1;1;2;2;3;3;5;5;9;8;17
1;2;1;2;1;2;1;2;2;2;2;3;3;5;5;9;8;17
1;2;1;1;1;2;1;2;2;2;2;4;3;6;5;10;9;17
1;2;1;2;1;2;1;2;2;2;2;4;3;6;5;9;8;16
1;2;1;2;1;2;1;2;1;3;2;4;2;5;4;10;9;17
1;1;1;2;1;2;1;1;1;2;2;3;3;5;5;9;8;17
1;2;1;1;1;2;1;2;1;3;2;4;2;5;4;9;9;25
2;2;1;1;1;2;1;2;1;2;2;4;2;6;4;9;9;17
1;2;1;2;1;1;1;2;1;3;2;3;2;5;4;9;9;17
1;1;1;2;1;2;1;1;1;2;2;3;3;5;5;9;8;17
1;2;1;2;1;2;1;2;2;2;2;4;3;6;5;9;8;16
1;2;1;1;1;2;1;2;1;2;2;4;3;5;4;9;9;17
1;1;1;2;1;2;1;1;1;2;1;3;3;5;5;9;8;17
1;2;1;2;1;2;1;2;2;2;2;3;3;5;5;9;8;17
1;2;1;1;1;2;1;2;2;2;2;4;3;6;5;9;8;16
1;2;1;1;1;2;1;2;1;2;2;4;3;6;5;9;17;17
1;2;1;2;1;1;1;2;1;3;2;4;2;5;4;9;9;17
1;2;1;2;1;1;1;2;1;3;1;3;3;5;4;9;9;17
1;1;1;2;1;2;1;2;1;2;1;3;3;5;5;9;9;17
1;1;1;2;1;2;1;2;1;2;2;3;3;5;5;9;8;17
1;2;1;1;1;2;2;2;1;2;2;4;3;6;4;9;8;17
1;2;1;2;1;2;1;2;1;3;2;4;2;5;4;9;9;17
1;1;1;2;1;1;1;2;1;3;1;3;3;5;4;9;9;17
1;2;1;2;1;2;1;2;2;2;2;3;3;5;5;9;8;17
1;2;1;1;1;2;1;2;1;2;2;4;3;6;13;9;9;17
1;2;1;2;1;1;1;2;1;3;2;4;2;5;4;9;9;17
1;1;1;2;1;1;1;2;1;3;2;4;2;5;4;10;9;17
1;1;1;2;1;2;1;2;1;3;1;3;3;5;4;9;8;17
1;1;1;2;1;2;1;1;1;2;2;3;3;5;5;9;8;17
9;2;1;1;1;2;1;2;1;3;2;4;2;6;4;9;9;17
1;2;1;2;1;2;1;2;1;3;2;4;2;5;4;9;9;17
1;2;1;2;1;1;1;7;1;2;1;3;3;5;5;9;8;17
1;2;1;2;1;2;1;2;1;3;2;4;2;5;4;9;9;17
1;1;1;2;1;2;1;1;2;2;2;3;3;6;5;10;8;16
1;2;1;2;1;2;1;2;1;3;2;4;2;5;4;9;9;17
1;1;1;2;1;1;1;2;1;3;1;3;3;5;5;9;8;17
1;2;1;1;1;2;1;11;2;3;1;3;3;5;4;9;9;17
1;2;1;2;1;2;1;2;2;2;2;4;3;6;5;9;8;16
1;2;1;2;1;1;1;2;1;3;2;3;3;5;4;9;9;17
1;1;1;2;1;2;1;1;1;2;2;3;3;5;5;9;8;17
1;2;1;1;1;2;1;2;1;3;2;4;2;5;4;19;9;17
1;1;1;2;1;2;1;1;1;2;2;3;3;5;5;9;8;17
1;2;1;1;1;2;1;2;1;3;2;4;2;6;4;9;9;17
1;1;1;2;1;2;1;2;1;2;2;3;3;5;5;9;8;17
1;2;1;1;1;2;1;2;1;2;2;4;2;6;4;9;9;17
1;11;1;2;1;2;1;2;2;2;2;4;3;6;5;9;8;16
1;2;1;2;1;1;1;2;1;3;2;3;3;5;4;9;9;17
1;1;1;2;1;2;1;2;2;2;2;4;3;6;5;9;8;16
1;2;1;2;1;2;1;2;1;3;2;4;2;5;4;9;9;17
1;1;1;2;1;2;1;2;2;2;2;3;3;6;4;9;9;17
1;1;1;2;1;2;1;1;2;2;2;4;3;6;5;9;8;16
1;2;1;2;1;2;1;2;1;3;2;4;2;5;4;9;9;17
1;1;1;2;1;2;1;1;1;2;2;3;3;5;5;9;8;17
1;2;1;1;1;2;1;2;1;2;2;4;2;6;4;9;9;25
1;1;1;2;1;2;1;2;2;2;2;4;3;6;5;9;8;16
1;2;1;2;1;1;1;2;1;3;1;3;3;5;4;9;9;17
1;1;1;2;1;2;1;1;1;2;2;3;3;5;5;9;8;17
1;2;1;1;1;2;1;2;1;3;2;4;2;5;4;9;9;17
1;1;1;2;1;2;1;11;1;2;2;3;3;6;5;9;8;16
1;2;1;2;1;2;1;2;1;3;2;4;2;5;4;9;9;17
1;1;1;2;1;2;1;1;1;2;2;3;3;5;5;9;8;17
1;2;1;1;1;2;1;2;1;2;2;4;3;6;5;9;8;16
1;2;1;2;1;1;1;2;1;3;1;4;2;5;4;17;8;17
1;2;1;1;1;2;1;2;2;2;2;4;3;6;5;9;8;16
1;2;1;2;1;1;1;2;1;3;2;4;2;5;4;9;9;17
1;1;1;2;1;2;1;2;1;2;2;3;3;5;5;9;8;17
1;2;1;4;1;2;1;2;2;3;2;4;2;5;4;10;9;17
1;1;1;2;1;2;1;1;1;2;2;3;3;5;5;9;8;17
1;2;1;2;1;2;1;2;2;2;2;3;3;6;5;9;8;17
1;2;1;1;1;2;1;2;2;2;2;4;3;6;5;9;8;17
1;2;1;1;1;12;1;2;1;3;2;4;2;5;4;9;9;17
1;2;1;2;1;2;1;2;1;3;2;4;2;6;4;9;9;17
1;2;1;2;1;1;1;2;1;3;1;3;3;5;4;9;9;17
1;1;1;2;1;2;1;1;1;2;2;3;3;5;5;9;8;17
1;2;1;2;1;2;1;2;2;2;2;3;3;5;5;9;8;17
1;2;1;1;1;2;1;2;1;2;2;4;3;6;5;9;8;16
1;2;1;2;1;2;1;2;1;3;2;4;2;5;4;10;9;17
1;1;1;2;1;1;1;2;1;3;1;3;3;5;4;9;9;17
1;1;1;2;1;2;1;1;1;2;1;3;3;5;4;9;9;25
1;2;1;1;1;2;1;2;1;3;2;4;2;6;4;9;9;17
1;2;1;2;1;1;1;2;1;3;2;4;2;5;4;9;9;17
1;1;1;2;1;2;1;2;1;3;1;3;3;5;4;9;8;17
1;2;1;2;1;2;1;1;1;2;2;3;3;5;5;9;8;17
1;2;1;1;1;2;1;2;2;2;2;4;2;5;4;9;9;17
1;1;1;2;1;2;1;2;1;2;1;3;3;5;5;9;8;17
1;2;1;2;1;2;1;2;2;2;2;4;3;6;5;9;8;16
1;2;1;1;1;2;1;2;1;3;2;4;2;5;4;9;9;17
1;1;1;2;1;1;1;2;1;3;1;3;3;5;4;9;17;17
1;2;1;1;1;2;1;2;1;3;2;4;2;6;4;9;8;17
1;2;1;2;1;1;1;2;1;3;2;4;2;6;4;9;9;17
1;2;1;2;1;1;1;2;1;3;1;3;2;5;4;9;9;17
1;1;1;2;1;2;1;2;2;2;2;3;3;6;5;9;8;17
1;2;1;1;1;2;1;2;1;3;1;3;3;5;4;9;9;17
1;2;1;2;1;2;1;2;1;2;2;3;3;5;5;9;8;17
1;2;1;2;1;2;1;2;2;2;2;4;3;6;5;9;8;17
1;2;1;1;1;2;1;2;2;2;2;4;3;6;5;9;8;16
1;2;1;1;1;2;1;2;1;2;2;4;2;6;4;9;9;17
1;2;1;2;1;2;1;2;1;2;2;3;3;5;5;9;8;17
1;2;1;1;1;2;1;2;2;2;2;3;3;6;5;9;8;17
1;2;1;1;1;2;1;2;2;2;2;4;3;6;5;9;8;50
1;1;1;2;1;2;1;1;1;2;1;3;3;31;5;10;9;17
1;2;1;2;1;2;1;1;1;2;1;3;3;5;5;9;8;17
1;2;1;2;1;2;1;2;1;2;2;3;3;5;5;9;9;17
1;2;1;1;1;2;1;2;1;3;2;4;2;6;4;9;9;17
1;2;1;2;1;1;1;2;1;3;1;3;3;5;4;9;9;17
1;2;1;2;1;2;1;1;1;2;2;3;3;5;5;9;8;17
1;2;1;1;1;2;1;2;1;2;2;4;3;6;4;9;8;17
1;2;1;2;1;2;1;2;2;2;2;4;3;6;5;9;8;16
1;2;1;2;1;1;1;2;1;3;2;4;3;5;4;9;9;17
1;1;1;2;1;2;1;1;1;2;2;3;3;5;5;9;8;17
1;2;1;1;1;2;1;2;1;3;2;4;2;5;4;10;9;17
1;1;1;2;1;2;1;2;1;2;2;3;3;14;5;9;9;17
1;1;1;2;1;1;1;2;1;3;1;3;3;5;4;9;9;17
1;1;1;2;1;2;1;1;1;2;2;3;3;5;5;9;8;17
1;2;1;1;1;2;1;2;2;2;2;4;3;6;5;9;8;16
1;2;1;2;1;2;1;2;1;3;2;4;2;5;4;9;9;25
1;1;1;2;1;1;1;2;1;3;1;3;3;5;4;9;9;17
1;1;1;2;1;2;1;1;1;2;1;3;3;5;5;9;8;17
1;2;1;2;1;2;1;1;1;2;2;3;3;5;5;9;8;17
1;2;1;1;1;2;1;2;2;2;2;4;3;6;4;9;9;17
1;2;1;2;1;1;1;2;1;3;2;4;3;5;5;9;8;17
1;2;1;2;1;2;1;2;2;2;2;4;3;6;5;9;8;16
1;2;1;1;1;2;1;2;1;2;2;4;3;6;4;9;8;17
1;2;1;2;1;1;1;2;1;3;2;4;2;5;4;9;9;17
1;1;1;2;1;2;1;2;1;2;1;3;3;5;5;9;17;17
1;2;1;1;1;2;1;2;2;2;2;3;3;6;5;9;8;17
1;2;1;1;1;2;1;2;2;2;2;3;3;6;5;9;8;17
1;2;1;1;1;2;1;2;2;2;2;4;3;6;5;9;8;16
1;2;1;2;1;2;1;2;1;2;2;4;2;6;4;10;9;17
1;1;1;2;1;10;1;2;2;2;2;4;3;6;5;9;8;17
1;2;1;1;1;2;1;2;1;3;2;4;2;6;4;9;8;17
1;2;1;2;1;2;1;2;1;3;2;4;2;5;4;9;9;17
1;1;1;2;1;1;1;2;1;3;2;3;2;5;4;9;9;17
1;1;1;2;1;2;1;1;1;2;1;3;3;5;13;9;8;17
1;2;1;1;1;2;1;2;1;2;2;4;3;6;5;9;8;16
1;2;1;2;1;2;1;2;1;3;2;4;2;5;6;10;9;17
1;2;1;2;1;2;1;2;2;2;2;3;3;5;5;9;8;17
1;2;1;1;1;2;1;2;2;2;2;4;3;6;5;9;18;17
1;2;1;1;1;2;1;2;1;3;2;4;2;5;4;9;9;17
1;2;1;2;1;2;1;2;1;3;1;3;3;5;4;9;8;17
1;1;1;2;1;2;1;1;1;2;2;3;3;5;5;9;8;17
1;2;1;2;1;2;1;2;2;2;2;3;3;6;5;9;8;17
1;2;1;1;1;11;1;2;1;3;1;3;3;5;5;9;8;17
1;2;1;2;1;2;1;2;2;2;2;3;3;5;5;9;8;17
1;2;1;1;1;2;1;2;2;2;2;4;3;6;5;9;8;16
1;2;1;2;1;2;1;2;1;3;2;4;2;5;4;10;9;17
1;1;1;2;1;2;1;2;2;2;2;4;3;6;13;9;9;17
1;1;1;2;1;2;1;1;1;2;2;3;3;5;5;9;8;17
1;2;1;2;1;2;1;2;2;2;2;4;3;6;5;9;8;17
1;2;1;1;1;2;1;2;1;2;2;4;2;6;4;9;9;17
1;1;1;2;1;2;1;2;2;2;2;3;3;6;5;9;8;17
2;2;1;2;1;1;1;2;1;3;1;3;3;5;5;9;8;17
1;2;1;1;1;2;1;2;2;2;2;4;3;6;5;9;8;17
1;2;1;2;1;1;1;2;1;3;1;3;3;5;4;9;9;17
1;2;1;2;1;2;1;2;2;2;2;4;3;6;5;9;8;17
1;2;1;2;1;2;1;2;1;3;2;13;3;6;5;9;8;16
1;2;1;2;1;2;1;2;1;3;2;4;2;5;4;9;9;17
1;1;1;2;1;2;1;2;1;3;1;3;3;5;5;9;8;17
1;2;1;1;1;2;1;2;2;2;2;4;3;6;5;9;8;16
1;2;1;2;1;2;1;2;1;3;2;4;2;5;4;10;17;17
1;2;1;1;1;2;1;2;1;3;2;4;3;5;4;9;9;17
1;1;1;2;1;2;1;1;1;2;2;3;3;5;5;9;8;17
1;2;1;1;1;2;1;2;1;3;2;4;2;6;4;9;9;17
1;1;1;2;1;2;1;2;1;3;1;3;3;5;5;9;8;17
1;2;1;2;1;2;1;2;1;3;2;4;2;5;4;9;9;17
1;1;1;2;1;2;1;2;1;2;2;3;3;5;5;9;8;17
1;2;1;1;1;2;1;2;1;2;2;4;2;6;4;9;9;17
1;1;1;2;1;2;1;2;1;2;2;3;3;5;5;9;8;17
1;2;1;1;1;2;1;2;1;3;2;4;2;5;33;10;9;17
1;1;1;2;1;2;1;1;1;2;2;3;3;5;5;9;8;17
1;2;1;1;1;2;1;2;1;3;3;4;3;5;5;9;8;17
1;2;1;1;1;2;1;2;1;2;2;4;2;6;4;9;9;17
1;2;1;2;1;2;1;2;1;2;2;3;3;5;5;9;8;17
1;2;1;1;1;2;1;2;1;2;2;4;3;6;4;9;8;17
1;2;1;2;1;1;1;2;1;3;1;3;3;5;5;9;9;17
1;1;1;2;1;2;1;2;1;3;1;3;3;5;5;9;8;17
1;2;1;2;1;3;1;2;2;3;2;4;2;5;4;10;9;17
1;1;1;2;1;2;1;1;1;2;2;3;3;6;5;9;8;28
1;1;1;2;1;2;1;2;2;2;2;4;3;6;5;9;8;16
1;2;1;2;1;2;1;2;1;2;2;4;3;6;4;9;8;16
1;2;1;2;1;2;1;2;1;3;2;4;2;6;4;9;8;16
1;2;1;2;1;2;1;2;1;3;2;4;2;5;4;9;9;17
1;1;1;2;1;2;1;1;1;2;2;4;2;5;4;10;9;17
1;1;1;2;1;2;1;2;1;3;1;3;3;5;4;9;9;17
1;1;1;2;1;2;1;1;1;2;2;3;3;5;5;9;8;17
1;2;1;1;1;2;1;2;1;2;2;4;3;6;5;9;8;16
1;2;1;1;1;2;1;2;1;2;2;4;3;6;5;18;9;17
1;1;1;2;1;2;1;1;1;2;1;3;3;5;4;9;9;17
1;1;1;2;1;2;1;1;1;2;2;3;3;5;5;9;8;17
1;2;1;2;1;2;1;2;2;2;2;3;3;5;5;9;8;17
1;2;1;1;1;2;1;2;2;2;2;4;3;6;5;9;8;17
1;2;1;2;1;1;1;2;1;3;1;3;3;5;4;9;9;17
1;1;1;2;1;2;1;1;1;2;2;3;3;5;5;9;8;17
1;2;1;1;1;2;1;2;2;2;2;4;3;6;5;9;8;17
1;2;1;1;1;2;1;2;1;2;2;4;3;6;5;9;8;16
1;2;1;2;1;2;1;2;1;2;2;4;3;15;5;9;8;17
1;2;1;1;1;2;1;2;2;2;2;4;3;6;5;9;8;17
1;2;1;1;1;2;1;2;1;2;2;4;3;6;5;9;8;16
1;2;1;1;1;2;1;2;1;3;2;4;3;6;4;9;8;16
1;2;1;2;1;2;1;2;1;3;2;4;2;6;4;9;9;25
1;1;1;2;1;2;1;2;1;3;1;3;3;5;5;9;8;17
1;2;1;2;1;2;1;2;2;2;2;3;3;6;5;9;8;17
1;2;1;1;1;2;1;2;1;3;2;4;2;6;4;9;9;17
1;2;1;2;1;1;1;2;1;3;2;4;2;5;4;9;9;17
1;1;1;2;2;2;1;2;1;3;1;3;3;5;4;9;9;17
1;1;1;2;1;2;1;1;1;2;2;3;3;5;5;9;8;17
1;2;1;2;1;2;1;2;2;2;2;3;3;5;5;9;8;17
1;2;1;1;1;2;1;2;2;2;2;4;3;6;5;9;8;17
1;2;1;1;1;2;1;2;2;2;2;4;3;15;5;9;8;17
1;2;1;2;1;1;1;2;1;3;2;4;2;5;4;9;9;17
1;1;1;2;1;1;1;2;1;3;1;3;2;5;4;9;9;17
1;1;1;2;1;1;1;2;1;3;2;3;2;5;4;10;9;17
1;1;1;2;1;2;1;1;1;2;2;3;3;5;5;9;8;26
1;1;1;2;1;2;1;1;1;2;2;3;3;5;5;9;8;17
1;2;1;2;1;2;1;2;2;2;2;4;3;6;5;9;8;17
1;2;1;1;1;2;1;2;1;2;2;4;3;6;4;9;9;17
1;2;1;2;1;2;1;2;1;3;2;4;2;5;4;9;9;17
1;2;1;2;1;1;1;2;1;11;2;3;3;5;5;9;8;17
1;2;1;1;1;2;1;2;1;3;2;4;2;6;4;9;8;17
1;2;1;2;1;2;1;2;1;3;2;4;2;5;4;9;9;17
1;1;1;2;1;1;1;2;1;3;2;3;2;5;4;9;9;17
1;1;1;2;1;2;1;1;1;2;2;3;3;5;5;9;17;17
1;2;1;1;1;2;1;2;1;3;2;4;2;5;4;9;9;17
1;1;1;2;1;2;1;2;1;2;1;3;3;5;4;9;9;17
1;2;1;2;1;2;1;1;1;2;2;3;3;5;5;9;8;17
1;2;1;2;1;2;1;2;2;2;2;4;3;6;5;9;8;16
1;2;1;2;10;2;1;2;1;2;1;3;3;5;5;9;8;17
1;2;1;2;1;2;1;1;1;2;2;3;3;5;5;9;8;17
1;2;1;2;1;2;1;2;2;2;2;4;3;6;5;9;8;16
1;2;1;1;1;2;1;2;1;2;2;4;3;6;5;9;8;16
1;2;1;2;1;2;1;2;1;3;2;4;2;5;5;10;9;17
1;2;1;2;1;2;1;2;2;2;2;3;3;5;5;9;8;17
1;2;1;1;1;2;1;2;1;2;2;4;3;6;5;9;8;16
1;2;1;2;1;2;1;2;1;3;2;4;2;6;4;9;9;17
1;2;1;2;1;1;1;2;1;3;1;3;3;5;4;9;9;25
2;2;1;1;1;2;1;2;2;2;2;3;3;6;5;9;8;17
1;2;1;1;1;2;1;2;1;2;2;4;3;6;5;9;8;16
1;2;1;2;1;2;1;2;1;3;2;4;2;6;4;9;9;17
1;2;1;2;1;1;1;2;2;3;2;4;3;6;5;9;8;41
1;2;1;2;1;1;1;2;1;3;2;4;2;5;4;10;9;17
1;1;1;2;1;2;1;2;1;3;1;3;3;5;5;9;8;17
1;2;1;2;1;2;1;1;2;2;2;3;3;5;5;9;8;17
1;2;1;1;1;2;1;2;2;2;2;4;3;6;5;9;8;16
1;2;1;2;1;2;1;2;1;2;2;4;2;6;4;9;9;17
1;2;1;2;1;1;1;2;1;3;1;3;3;5;5;9;8;17
1;2;1;1;1;2;1;2;2;2;2;4;3;15;4;9;9;17
1;2;1;2;1;2;1;1;1;2;2;3;3;5;5;9;8;17
1;2;1;2;1;2;1;2;2;2;2;3;3;6;5;9;8;17
1;2;1;1;1;2;1;2;2;2;2;4;3;6;5;9;8;17
1;2;1;1;1;2;1;2;2;2;2;4;3;6;5;9;8;26
1;2;1;2;1;2;1;1;1;2;2;3;3;5;5;9;8;17
1;2;1;2;1;2;1;2;2;2;2;3;3;5;5;9;8;17
1;2;1;1;1;2;1;2;2;2;2;4;3;6;5;9;8;17
1;2;1;1;1;2;1;2;1;2;2;4;3;6;5;9;8;16
1;2;1;2;1;2;1;2;1;2;2;4;2;5;4;9;9;17
1;1;1;2;1;2;1;2;2;2;2;4;3;6;5;9;8;16
1;2;1;2;1;2;1;2;1;3;2;4;2;5;4;9;9;17
1;1;1;2;1;2;1;1;1;2;2;3;3;5;5;9;8;17
1;2;1;1;1;2;1;2;1;2;2;4;2;6;4;10;17;17
1;1;1;2;1;2;1;2;2;2;2;3;3;5;5;9;8;17
1;2;1;1;1;2;1;2;1;3;2;4;2;5;4;9;9;17
1;1;1;2;1;2;1;2;1;2;2;3;3;6;5;9;8;17
1;2;1;1;1;2;1;2;1;3;2;4;2;5;4;9;9;17
1;1;1;2;9;2;1;2;1;3;2;4;2;5;4;10;9;17
1;1;1;2;1;2;1;1;1;2;2;3;3;5;5;9;8;17
1;2;1;1;1;2;1;2;1;3;2;4;2;5;4;10;9;17
1;1;1;2;1;2;1;2;2;2;2;4;3;6;5;9;8;16
1;2;1;2;1;2;1;2;1;3;2;4;2;5;5;9;8;16
1;2;1;2;1;1;1;2;1;3;1;3;2;5;4;9;9;17
1;1;1;2;1;2;1;2;2;2;2;3;3;6;5;9;8;16
1;2;1;2;1;2;1;2;1;3;2;4;2;5;4;9;9;17
1;1;1;2;1;2;1;2;2;2;2;4;3;6;5;9;8;25
1;2;1;2;1;2;1;2;1;2;2;3;3;5;5;9;8;17
1;2;1;1;1;2;1;2;2;2;2;4;3;6;5;9;9;39
1;2;1;2;1;2;1;2;1;3;2;4;2;5;4;9;9;17
1;1;1;2;1;2;1;1;1;2;2;3;3;5;5;9;8;17
1;2;1;1;2;2;1;2;1;3;1;3;3;5;5;9;8;17
1;2;1;1;1;2;1;2;2;2;2;4;3;6;4;9;9;17
1;2;1;2;1;1;1;2;1;3;1;3;3;5;5;9;8;17
1;2;1;2;1;2;1;2;2;2;2;4;3;6;4;9;8;17
1;2;1;2;1;1;1;2;1;3;1;3;3;14;5;9;8;16
1;2;1;2;1;1;1;2;1;3;1;3;3;5;4;9;9;17
1;2;1;2;1;2;1;2;2;2;2;4;3;6;5;9;8;16
1;2;1;2;1;2;1;2;1;3;2;4;2;5;4;9;9;17
1;1;1;2;1;2;1;1;1;2;2;3;3;5;5;9;8;26
1;2;1;2;1;1;1;2;1;2;2;3;3;5;5;9;8;17
1;2;1;1;1;2;1;2;2;2;4;3;3;6;5;9;8;16
1;2;1;2;1;2;1;2;1;3;2;4;2;5;4;9;9;17
1;1;1;2;1;2;1;1;1;14;2;4;3;6;5;9;8;16
1;2;1;1;1;2;1;2;1;2;2;4;3;6;5;9;8;16
1;2;1;2;1;2;1;2;1;2;2;4;3;6;4;9;8;16
1;2;1;2;1;1;1;2;1;3;2;4;2;5;4;9;9;17
1;1;1;2;1;2;1;2;2;2;2;3;3;5;5;18;9;17
1;2;1;2;1;2;1;2;2;2;2;3;3;5;5;9;8;17
1;2;1;1;1;2;1;2;2;2;2;3;3;5;5;9;8;17
1;2;1;1;1;2;1;2;2;2;2;4;3;6;5;9;8;16
1;2;1;1;1;2;1;2;1;2;2;4;3;6;4;9;8;16
1;2;1;10;1;1;1;2;1;3;1;3;3;5;4;9;9;17
1;1;1;2;1;2;1;2;1;3;1;3;3;5;4;9;9;17
1;1;1;2;1;2;1;1;1;2;2;3;3;5;5;9;8;17
1;2;1;2;1;2;1;1;1;2;2;3;3;5;5;9;8;17
1;2;1;1;1;2;1;2;1;2;2;4;3;14;5;9;8;17
1;2;1;2;1;2;1;1;1;2;2;3;3;5;5;9;8;17
1;2;1;1;1;2;1;2;1;2;2;4;3;6;5;9;8;16
1;2;1;2;1;2;1;2;1;2;2;4;3;6;5;9;8;16
1;2;1;2;1;2;1;2;1;2;2;4;2;6;4;9;9;46
1;1;1;2;1;2;1;1;1;2;1;3;3;5;5;9;8;17
1;2;1;2;1;2;1;1;1;2;2;3;3;5;5;46;9;17
1;2;1;2;1;2;1;2;1;2;2;3;3;5;5;9;8;17
1;2;1;1;1;2;1;2;2;2;2;4;3;6;5;9;8;16
1;2;1;2;1;2;1;2;1;3;2;4;2;6;4;9;8;17
1;2;1;2;1;1;1;2;1;3;2;4;2;5;4;9;9;17
1;1;1;2;1;1;1;2;1;3;2;4;2;5;4;9;9;17
1;1;1;2;1;2;1;1;1;2;2;3;3;5;5;9;8;17
1;2;1;1;1;2;1;2;1;2;2;4;3;6;5;9;8;16
1;2;1;2;1;1;1;2;1;3;1;3;2;5;4;9;9;17
1;1;1;2;1;2;1;1;1;2;2;3;3;6;4;9;9;17
1;2;1;2;1;1;1;2;1;3;1;3;3;5;4;9;9;17
1;1;1;2;1;2;1;1;1;2;1;3;3;5;5;9;8;17
1;2;1;1;1;2;1;2;2;2;2;4;3;6;5;9;8;16
1;2;1;1;1;2;1;2;1;2;2;4;3;6;4;9;8;25
1;2;1;2;1;2;1;2;1;3;2;4;2;5;4;9;9;17
1;1;1;2;1;1;1;2;1;2;1;3;3;5;5;9;8;17
1;2;1;2;1;2;1;2;2;2;2;3;3;5;5;9;8;16
1;2;1;2;1;2;1;2;1;2;2;4;3;6;5;9;8;16
1;2;1;2;1;2;1;2;2;3;1;3;3;5;4;9;8;17
1;2;1;2;1;2;1;2;2;2;2;4;3;6;5;9;8;17
1;2;1;1;1;2;1;2;2;2;2;4;3;6;5;9;8;16
1;2;1;2;1;2;1;2;1;3;2;4;2;6;4;9;8;16
1;2;1;2;1;2;1;2;1;3;2;4;2;6;4;18;9;17
1;2;1;2;1;2;1;1;1;2;2;3;3;5;5;9;8;17
1;2;1;2;1;2;1;2;2;2;2;4;3;6;5;9;8;17
1;2;1;1;1;2;1;2;2;2;2;4;3;6;5;9;8;16
1;2;1;2;1;1;1;2;1;3;2;4;2;5;4;9;9;17
1;2;1;10;1;2;1;2;2;2;2;4;3;6;5;9;8;16
1;2;1;2;1;2;1;2;1;3;2;4;2;6;4;9;9;17
1;2;1;2;1;1;1;2;1;3;1;3;3;5;4;9;9;17
1;1;1;2;1;2;1;1;1;2;2;3;3;5;5;9;8;17
1;2;1;2;1;2;1;2;2;2;2;3;3;14;5;9;8;16
1;2;1;2;1;2;1;2;1;3;2;4;2;5;4;9;9;17
1;1;1;2;1;1;1;2;1;3;1;3;3;5;4;9;9;17
1;1;1;2;1;2;1;1;1;2;2;3;3;5;5;9;8;17
1;2;1;1;1;2;1;2;2;2;2;4;3;6;5;9;9;17
1;2;1;2;1;2;1;2;1;3;1;3;3;5;4;9;8;17
1;2;1;2;1;2;1;1;1;2;2;3;3;5;5;9;8;17
1;2;1;1;1;2;1;2;2;2;2;4;3;6;5;9;8;17
1;2;1;1;1;2;1;2;1;3;2;4;2;6;4;9;8;17
1;2;1;2;1;2;1;2;1;3;2;4;2;5;4;9;9;17
1;2;1;2;1;1;1;2;1;3;1;3;3;5;4;9;9;17
1;1;1;2;1;2;1;2;1;2;1;3;3;5;4;9;9;17
1;1;1;2;1;2;1;1;1;2;2;3;3;5;5;9;8;17
1;2;1;2;1;2;1;2;2;2;2;3;3;14;5;10;9;17
1;1;1;2;1;2;1;2;1;2;2;3;3;5;5;9;8;17
1;2;1;2;1;2;1;2;2;2;2;3;3;5;5;9;8;17
1;2;1;1;1;2;1;2;1;2;2;4;3;6;5;9;8;16
1;2;1;1;1;2;1;2;1;2;2;4;3;6;4;9;9;25
1;1;1;2;1;2;1;1;2;2;2;3;3;5;5;9;8;17
1;2;1;1;1;2;1;2;1;2;2;4;2;6;4;9;9;17
1;2;1;2;1;1;1;2;1;3;2;4;2;5;4;9;9;17
1;2;1;2;1;1;1;2;1;3;1;4;2;5;4;9;9;17
1;1;1;2;1;2;1;1;1;2;2;4;2;5;4;9;9;17
1;1;1;2;1;1;1;2;1;3;2;4;2;5;4;9;9;17
1;1;1;2;1;1;1;2;1;3;1;3;3;5;4;9;9;17
1;2;1;2;1;2;1;1;1;2;2;4;3;6;5;9;8;17
1;2;1;1;1;2;1;2;1;2;2;4;2;6;4;9;17;17
1;1;1;2;1;2;1;2;1;2;1;3;3;5;5;9;8;17
1;2;1;2;1;2;1;2;2;2;2;4;3;6;5;9;8;16
1;2;1;2;1;1;1;2;1;3;2;4;2;5;4;9;8;17
1;2;1;1;1;2;1;2;2;2;2;4;3;6;5;9;8;16
1;2;1;2;1;10;2;2;1;3;2;4;2;5;4;9;9;17
1;1;1;2;1;2;1;1;2;2;2;3;3;5;5;9;8;17
1;2;1;1;1;2;1;2;1;3;2;4;2;5;4;9;9;17
1;1;1;2;1;2;1;1;1;2;2;3;3;5;5;9;8;17
1;2;1;1;1;2;1;2;1;2;2;4;2;5;5;10;9;17
1;2;1;2;1;2;1;2;2;2;2;4;3;6;4;9;9;17
1;2;1;2;1;1;1;2;1;3;1;3;3;5;4;9;8;17
1;1;1;2;1;2;1;2;2;2;2;4;3;6;5;9;9;46
1;2;1;2;1;2;1;1;1;2;2;3;26;6;4;9;8;17
1;2;1;2;1;2;1;2;1;3;2;3;3;5;4;9;9;17
1;2;1;2;1;2;1;2;2;2;2;4;3;6;5;19;9;16
1;2;1;2;1;1;1;2;1;3;2;3;3;5;4;9;9;17
1;1;1;2;1;2;1;1;1;2;2;3;3;5;5;9;8;17
1;2;1;1;1;2;1;2;1;3;2;4;2;5;4;9;9;17
1;1;1;2;1;2;1;1;1;2;2;3;3;6;5;9;8;17
1;2;1;2;1;2;1;2;1;3;2;4;2;6;4;9;9;17
1;2;1;2;1;1;1;2;1;3;1;3;3;5;4;9;8;17
1;2;1;1;1;2;1;2;2;2;2;4;3;6;5;9;8;16
1;2;1;2;1;2;1;2;1;3;2;4;2;5;4;9;9;17
1;1;1;2;1;2;1;1;1;2;2;3;3;5;4;9;8;17
1;2;1;2;1;2;1;2;1;3;2;4;3;5;4;9;8;17
1;2;1;1;1;2;1;2;1;2;2;4;2;6;4;9;9;17
1;1;1;2;1;2;1;1;1;2;2;3;3;6;5;9;8;16
1;2;1;2;1;1;1;2;1;3;1;3;3;5;5;9;8;26
1;2;1;2;1;2;1;2;2;2;2;4;3;6;5;9;8;16
1;2;1;2;1;2;1;2;1;3;2;4;2;5;4;9;9;17
1;1;1;2;1;2;1;2;2;2;2;4;3;6;5;9;8;16
1;2;1;2;1;2;1;2;1;3;2;4;2;5;4;11;8;17
1;1;1;2;1;2;1;1;1;2;2;3;3;5;5;9;8;17
1;2;1;1;1;2;1;2;1;2;2;4;3;6;4;9;9;17
1;1;1;2;1;2;1;1;1;2;2;3;3;5;5;9;8;17
1;2;1;1;1;2;1;2;1;3;2;4;2;5;5;9;8;17
1;2;1;2;1;2;1;2;1;3;2;4;3;5;4;9;8;17
1;2;1;2;1;2;1;2;2;2;2;4;3;6;5;9;8;16
1;2;1;2;1;1;1;2;1;3;1;3;3;5;5;9;8;17
1;2;1;2;1;2;1;2;2;2;2;4;3;6;5;9;8;26

